Role,Core Job Description,Key Skills
1. Data Scientist,"Analyze complex data sets to extract actionable insights, build predictive models, and guide strategic business decisions.","Python, R, SQL, Machine Learning, Statistical Modeling, Data Visualization"
2. AI/ML Engineer,"Design, build, and deploy machine learning models and deep learning systems into production environments.","Python, TensorFlow/PyTorch, MLOps, Algorithm Development, Cloud Platforms"
3. Cloud Engineer,"Design, implement, and manage cloud infrastructure and services, ensuring scalability, security, and cost-efficiency.","AWS/Azure/GCP, Kubernetes, Docker, Infrastructure as Code (Terraform)"
4. Cybersecurity Analyst,"Monitor systems for security breaches, investigate incidents, and implement security controls and protection measures.","Network Security, SIEM Tools, Penetration Testing, Risk Assessment, Cryptography"
5. Software Engineer (Backend),"Build and maintain the server-side logic, databases, and APIs that power an application's core functionality.","Python/Java/Go, Node.js, SQL/NoSQL, REST APIs, System Architecture"
6. Software Engineer (Frontend),"Develop the user-facing side of websites and applications, focusing on user experience and responsiveness.","JavaScript (React/Angular/Vue), HTML, CSS, UI/UX Principles, Web Performance"
7. DevOps Engineer,"Bridge development and operations teams, automate software deployment pipelines, and manage system reliability.","CI/CD (Jenkins/GitLab), Docker, Kubernetes, Linux, Scripting (Bash/Python)"
8. Product Manager (Tech),"Define the vision, strategy, and roadmap for a product based on market research, customer needs, and business goals.","Market Analysis, Agile/Scrum, User Stories, Product Roadmapping, Communication"
9. Data Engineer,"Design, build, and optimize data pipelines and architectures for large-scale data ingestion and processing.","ETL/ELT Tools, Apache Spark, Kafka, SQL, Data Warehousing (Snowflake/Redshift)"
10. Blockchain Developer,Design and implement decentralized applications (dApps) and smart contracts on blockchain platforms like Ethereum.,"Solidity, Cryptography, Distributed Ledger Technology (DLT), Go/Python/Rust"
11. Full-Stack Developer,"Handle both front-end and back-end development tasks, managing the entire web stack from database to user interface.","Diverse languages (e.g., MERN/MEAN stack), Git, Cloud Services, Testing"
12. UX Designer,"Focus on creating intuitive and satisfying user experiences through research, wireframing, and prototyping.","User Research, Wireframing, Prototyping (Figma/Sketch), Information Architecture"
13. Network Engineer,"Set up, configure, and maintain an organization's computer networks, ensuring high uptime and fast connectivity.","Cisco/Juniper, TCP/IP, Routing Protocols, Firewalls, WAN/LAN Management"
14. Solutions Architect,Evaluate business requirements and design high-level technical solutions and system blueprints to meet those needs.,"Enterprise Architecture, System Integration, Technical Leadership, Cloud Design"
15. Embedded Systems Engineer,"Develop firmware and software for hardware systems and devices (e.g., IoT, automotive, medical devices).","C/C++, Microcontrollers, Real-Time Operating Systems (RTOS), Hardware Debugging"
16. Business Intelligence (BI) Developer,Transform raw data into meaningful business insights using data visualization tools and reporting platforms.,"SQL, Data Warehousing, ETL, BI Tools (Tableau/Power BI), Dashboarding"
17. Technical Writer,"Create clear, concise, and accurate documentation, guides, and manuals for software products and technical processes.","Documentation Tools, API Documentation, Markdown, Subject Matter Expert Collaboration"
18. Quality Assurance (QA) Engineer,"Design and execute manual and automated tests to ensure software quality, identify bugs, and prevent regressions.","Test Cases, Automated Testing (Selenium/Cypress), CI/CD Integration, Bug Tracking"
19. Database Administrator (DBA),"Manage, maintain, backup, and ensure the security and performance of database systems.","SQL Server/MySQL/PostgreSQL, Database Tuning, Backup/Recovery, Security Management"
20. ERP Consultant,"Implement, customize, and maintain Enterprise Resource Planning (ERP) systems (like SAP or Oracle) to streamline business operations.","ERP Software Knowledge, Business Process Analysis, System Configuration"